plasmid,K,n
SP430,0.7543084484680251,1.0041518605481696
SP411,0.3720319828945964,1.049007537432188
SP427,0.4179691798084832,3.181101526174016
SP428,0.31969129266165486,2.2104633077496536
SP430A,0.058632700371806006,0.8064857487378624
