plasmid,halftime
SP430A,0.8985131931805485
SP430,0.6782643049348069
SP428,0.37687630830201124
SP427,0.6593009975036661
SP411,0.22238767506007787
