plasmid,halftime
SP430A,2.9177588746139262
SP430,2.4582242250044293
SP428,5.070708468865883
SP427,8.689864201853895
SP411,7.385081169098775
