plasmid,K,n
SP430,0.5313538076671179,1.4599038751634192
SP411,0.22493479833019533,0.8022903553499627
SP427,0.2657737712856878,1.9894610374941066
SP428,0.22948317855815084,2.4524940626578626
SP430A,0.050778745127447934,1.1918709145316573
