plasmid,K,n
SP430,0.5346615188521053,1.3325377289670237
SP411,0.19992109727621404,1.074651233125371
SP427,0.2774598921508496,2.830797641109452
SP428,0.23499917970312975,2.853394217791173
SP430A,0.046323645089689044,1.1321154529699313
